Distance,Nozzle_DSD,Volume,WS.m_s,WS.meas,Temp.C,RH,Rep,TestID,Dep_flux
-3,XR11001 (fine),2,1.5,325,23,65.1,T1-T3,T1,485.2266667
-2,XR11001 (fine),2,1.5,325,23,65.1,T1-T3,T1,2488.48
-1,XR11001 (fine),2,1.5,325,23,65.1,T1-T3,T1,11370.13333
0,XR11001 (fine),2,1.5,325,23,65.1,T1-T3,T1,249484.8
1,XR11001 (fine),2,1.5,325,23,65.1,T1-T3,T1,190357.8667
2,XR11001 (fine),2,1.5,325,23,65.1,T1-T3,T1,29495.46667
3,XR11001 (fine),2,1.5,325,23,65.1,T1-T3,T1,3467.36
4,XR11001 (fine),2,1.5,325,23,65.1,T1-T3,T1,988.528
5,XR11001 (fine),2,1.5,325,23,65.1,T1-T3,T1,488.6506667
6,XR11001 (fine),2,1.5,325,23,65.1,T1-T3,T1,370.1706667
8,XR11001 (fine),2,1.5,325,23,65.1,T1-T3,T1,365.1434667
12,XR11001 (fine),2,1.5,325,23,65.1,T1-T3,T1,292.0005333
16,XR11001 (fine),2,1.5,325,23,65.1,T1-T3,T1,149.6432
20,XR11001 (fine),2,1.5,325,23,65.1,T1-T3,T1,64.9744
-3,XR11001 (fine),2,1.5,315,25.2,64.2,T1-T3,T2,21.21706667
-2,XR11001 (fine),2,1.5,315,25.2,64.2,T1-T3,T2,2387.690667
-1,XR11001 (fine),2,1.5,315,25.2,64.2,T1-T3,T2,16086.45333
0,XR11001 (fine),2,1.5,315,25.2,64.2,T1-T3,T2,95754.13333
1,XR11001 (fine),2,1.5,315,25.2,64.2,T1-T3,T2,172097.0667
2,XR11001 (fine),2,1.5,315,25.2,64.2,T1-T3,T2,34188.26667
3,XR11001 (fine),2,1.5,315,25.2,64.2,T1-T3,T2,5831.786667
4,XR11001 (fine),2,1.5,315,25.2,64.2,T1-T3,T2,1633.648
5,XR11001 (fine),2,1.5,315,25.2,64.2,T1-T3,T2,929.1253333
6,XR11001 (fine),2,1.5,315,25.2,64.2,T1-T3,T2,588.7626667
8,XR11001 (fine),2,1.5,315,25.2,64.2,T1-T3,T2,413.6362667
12,XR11001 (fine),2,1.5,315,25.2,64.2,T1-T3,T2,294.1216
16,XR11001 (fine),2,1.5,315,25.2,64.2,T1-T3,T2,144.0224
20,XR11001 (fine),2,1.5,315,25.2,64.2,T1-T3,T2,66.51466667
-3,XR11001 (fine),2,1.5,304,26.8,62.6,T1-T3,T3,646.5226667
-2,XR11001 (fine),2,1.5,304,26.8,62.6,T1-T3,T3,3317.28
-1,XR11001 (fine),2,1.5,304,26.8,62.6,T1-T3,T3,13601.06667
0,XR11001 (fine),2,1.5,304,26.8,62.6,T1-T3,T3,132026.6667
1,XR11001 (fine),2,1.5,304,26.8,62.6,T1-T3,T3,164987.2
2,XR11001 (fine),2,1.5,304,26.8,62.6,T1-T3,T3,21044.32
3,XR11001 (fine),2,1.5,304,26.8,62.6,T1-T3,T3,1592.533333
4,XR11001 (fine),2,1.5,304,26.8,62.6,T1-T3,T3,759.648
5,XR11001 (fine),2,1.5,304,26.8,62.6,T1-T3,T3,478.9413333
6,XR11001 (fine),2,1.5,304,26.8,62.6,T1-T3,T3,302.4090667
8,XR11001 (fine),2,1.5,304,26.8,62.6,T1-T3,T3,323.9141333
12,XR11001 (fine),2,1.5,304,26.8,62.6,T1-T3,T3,359.8976
16,XR11001 (fine),2,1.5,304,26.8,62.6,T1-T3,T3,200.6634667
20,XR11001 (fine),2,1.5,304,26.8,62.6,T1-T3,T3,66.17813333
-3,TT11001 (medium),2,3,591,30,46.4,T7-T9,T7,0.0304
-2,TT11001 (medium),2,3,591,30,46.4,T7-T9,T7,0.558933333
-1,TT11001 (medium),2,3,591,30,46.4,T7-T9,T7,1066.698667
0,TT11001 (medium),2,3,591,30,46.4,T7-T9,T7,73517.86667
1,TT11001 (medium),2,3,591,30,46.4,T7-T9,T7,120496.5333
2,TT11001 (medium),2,3,591,30,46.4,T7-T9,T7,12006.24
3,TT11001 (medium),2,3,591,30,46.4,T7-T9,T7,7537.813333
4,TT11001 (medium),2,3,591,30,46.4,T7-T9,T7,1445.632
5,TT11001 (medium),2,3,591,30,46.4,T7-T9,T7,167.408
6,TT11001 (medium),2,3,591,30,46.4,T7-T9,T7,87.06986667
8,TT11001 (medium),2,3,591,30,46.4,T7-T9,T7,317.7466667
12,TT11001 (medium),2,3,591,30,46.4,T7-T9,T7,673.1626667
16,TT11001 (medium),2,3,591,30,46.4,T7-T9,T7,121.0912
20,TT11001 (medium),2,3,591,30,46.4,T7-T9,T7,74.8368
-3,TT11001 (medium),2,3,590,30.7,45.6,T7-T9,T8,0.010133333
-2,TT11001 (medium),2,3,590,30.7,45.6,T7-T9,T8,0.0256
-1,TT11001 (medium),2,3,590,30.7,45.6,T7-T9,T8,1067.754667
0,TT11001 (medium),2,3,590,30.7,45.6,T7-T9,T8,69483.73333
1,TT11001 (medium),2,3,590,30.7,45.6,T7-T9,T8,119142.9333
2,TT11001 (medium),2,3,590,30.7,45.6,T7-T9,T8,471.488
3,TT11001 (medium),2,3,590,30.7,45.6,T7-T9,T8,12119.57333
4,TT11001 (medium),2,3,590,30.7,45.6,T7-T9,T8,19673.49333
5,TT11001 (medium),2,3,590,30.7,45.6,T7-T9,T8,119.6053333
6,TT11001 (medium),2,3,590,30.7,45.6,T7-T9,T8,786.6986667
8,TT11001 (medium),2,3,590,30.7,45.6,T7-T9,T8,366.2618667
12,TT11001 (medium),2,3,590,30.7,45.6,T7-T9,T8,450.2997333
16,TT11001 (medium),2,3,590,30.7,45.6,T7-T9,T8,147.5770667
20,TT11001 (medium),2,3,590,30.7,45.6,T7-T9,T8,76.4784
-3,TT11001 (medium),2,3,582,30.9,43.8,T7-T9,T9,0.136
-2,TT11001 (medium),2,3,582,30.9,43.8,T7-T9,T9,0.0592
-1,TT11001 (medium),2,3,582,30.9,43.8,T7-T9,T9,2296.101333
0,TT11001 (medium),2,3,582,30.9,43.8,T7-T9,T9,169403.2
1,TT11001 (medium),2,3,582,30.9,43.8,T7-T9,T9,128810.6667
2,TT11001 (medium),2,3,582,30.9,43.8,T7-T9,T9,7471.573333
3,TT11001 (medium),2,3,582,30.9,43.8,T7-T9,T9,5208.106667
4,TT11001 (medium),2,3,582,30.9,43.8,T7-T9,T9,1167.205333
5,TT11001 (medium),2,3,582,30.9,43.8,T7-T9,T9,357.2853333
6,TT11001 (medium),2,3,582,30.9,43.8,T7-T9,T9,175.4549333
8,TT11001 (medium),2,3,582,30.9,43.8,T7-T9,T9,309.6917333
12,TT11001 (medium),2,3,582,30.9,43.8,T7-T9,T9,741.9093333
16,TT11001 (medium),2,3,582,30.9,43.8,T7-T9,T9,112.9701333
20,TT11001 (medium),2,3,582,30.9,43.8,T7-T9,T9,67.368
-3,XR11001 (fine),2,4.5,855,28,70,T10-T12,T10,0.696533333
-2,XR11001 (fine),2,4.5,855,28,70,T10-T12,T10,1.083733333
-1,XR11001 (fine),2,4.5,855,28,70,T10-T12,T10,40.03893333
0,XR11001 (fine),2,4.5,855,28,70,T10-T12,T10,363.264
1,XR11001 (fine),2,4.5,855,28,70,T10-T12,T10,6008.32
2,XR11001 (fine),2,4.5,855,28,70,T10-T12,T10,10973.17333
3,XR11001 (fine),2,4.5,855,28,70,T10-T12,T10,2057.722667
4,XR11001 (fine),2,4.5,855,28,70,T10-T12,T10,218.1546667
5,XR11001 (fine),2,4.5,855,28,70,T10-T12,T10,166.1712
6,XR11001 (fine),2,4.5,855,28,70,T10-T12,T10,343.5552
8,XR11001 (fine),2,4.5,855,28,70,T10-T12,T10,477.7306667
12,XR11001 (fine),2,4.5,855,28,70,T10-T12,T10,157.048
16,XR11001 (fine),2,4.5,855,28,70,T10-T12,T10,584.9973333
20,XR11001 (fine),2,4.5,855,28,70,T10-T12,T10,152.9392
-3,XR11001 (fine),2,4.5,890,28.6,68.4,T10-T12,T11,0.083733333
-2,XR11001 (fine),2,4.5,890,28.6,68.4,T10-T12,T11,0.0128
-1,XR11001 (fine),2,4.5,890,28.6,68.4,T10-T12,T11,20.672
0,XR11001 (fine),2,4.5,890,28.6,68.4,T10-T12,T11,1040.986667
1,XR11001 (fine),2,4.5,890,28.6,68.4,T10-T12,T11,18308.48
2,XR11001 (fine),2,4.5,890,28.6,68.4,T10-T12,T11,24989.76
3,XR11001 (fine),2,4.5,890,28.6,68.4,T10-T12,T11,5849.066667
4,XR11001 (fine),2,4.5,890,28.6,68.4,T10-T12,T11,972.4906667
5,XR11001 (fine),2,4.5,890,28.6,68.4,T10-T12,T11,858.7946667
6,XR11001 (fine),2,4.5,890,28.6,68.4,T10-T12,T11,1134.597333
8,XR11001 (fine),2,4.5,890,28.6,68.4,T10-T12,T11,1013.322667
12,XR11001 (fine),2,4.5,890,28.6,68.4,T10-T12,T11,233.1952
16,XR11001 (fine),2,4.5,890,28.6,68.4,T10-T12,T11,1288.608
20,XR11001 (fine),2,4.5,890,28.6,68.4,T10-T12,T11,290.1589333
-3,XR11001 (fine),2,4.5,878,31.4,52.6,T10-T12,T12,0.098666667
-2,XR11001 (fine),2,4.5,878,31.4,52.6,T10-T12,T12,0.018133333
-1,XR11001 (fine),2,4.5,878,31.4,52.6,T10-T12,T12,8.6112
0,XR11001 (fine),2,4.5,878,31.4,52.6,T10-T12,T12,2035.605333
1,XR11001 (fine),2,4.5,878,31.4,52.6,T10-T12,T12,20588.21333
2,XR11001 (fine),2,4.5,878,31.4,52.6,T10-T12,T12,27197.06667
3,XR11001 (fine),2,4.5,878,31.4,52.6,T10-T12,T12,3662.074667
4,XR11001 (fine),2,4.5,878,31.4,52.6,T10-T12,T12,938.8906667
5,XR11001 (fine),2,4.5,878,31.4,52.6,T10-T12,T12,2979.845333
6,XR11001 (fine),2,4.5,878,31.4,52.6,T10-T12,T12,4400.165333
8,XR11001 (fine),2,4.5,878,31.4,52.6,T10-T12,T12,1853.034667
12,XR11001 (fine),2,4.5,878,31.4,52.6,T10-T12,T12,1450.816
16,XR11001 (fine),2,4.5,878,31.4,52.6,T10-T12,T12,369.9232
20,XR11001 (fine),2,4.5,878,31.4,52.6,T10-T12,T12,441.6496
-3,TT11001 (medium),2,1.5,312,30.7,54,T13-T15,T13,711.7706667
-2,TT11001 (medium),2,1.5,312,30.7,54,T13-T15,T13,3289.226667
-1,TT11001 (medium),2,1.5,312,30.7,54,T13-T15,T13,58349.33333
0,TT11001 (medium),2,1.5,312,30.7,54,T13-T15,T13,109888
1,TT11001 (medium),2,1.5,312,30.7,54,T13-T15,T13,80415.46667
2,TT11001 (medium),2,1.5,312,30.7,54,T13-T15,T13,2761.44
3,TT11001 (medium),2,1.5,312,30.7,54,T13-T15,T13,764.3466667
4,TT11001 (medium),2,1.5,312,30.7,54,T13-T15,T13,187.008
5,TT11001 (medium),2,1.5,312,30.7,54,T13-T15,T13,126.8928
6,TT11001 (medium),2,1.5,312,30.7,54,T13-T15,T13,105.7274667
8,TT11001 (medium),2,1.5,312,30.7,54,T13-T15,T13,101.4538667
12,TT11001 (medium),2,1.5,312,30.7,54,T13-T15,T13,82.184
16,TT11001 (medium),2,1.5,312,30.7,54,T13-T15,T13,57.48586667
20,TT11001 (medium),2,1.5,312,30.7,54,T13-T15,T13,13.7904
-3,TT11001 (medium),2,1.5,308,30.9,51.1,T13-T15,T14,365.0624
-2,TT11001 (medium),2,1.5,308,30.9,51.1,T13-T15,T14,2910.938667
-1,TT11001 (medium),2,1.5,308,30.9,51.1,T13-T15,T14,71225.06667
0,TT11001 (medium),2,1.5,308,30.9,51.1,T13-T15,T14,179961.0667
1,TT11001 (medium),2,1.5,308,30.9,51.1,T13-T15,T14,79551.46667
2,TT11001 (medium),2,1.5,308,30.9,51.1,T13-T15,T14,6362.826667
3,TT11001 (medium),2,1.5,308,30.9,51.1,T13-T15,T14,1411.472
4,TT11001 (medium),2,1.5,308,30.9,51.1,T13-T15,T14,415.1973333
5,TT11001 (medium),2,1.5,308,30.9,51.1,T13-T15,T14,258.4618667
6,TT11001 (medium),2,1.5,308,30.9,51.1,T13-T15,T14,173.6944
8,TT11001 (medium),2,1.5,308,30.9,51.1,T13-T15,T14,109.3728
12,TT11001 (medium),2,1.5,308,30.9,51.1,T13-T15,T14,82.56906667
16,TT11001 (medium),2,1.5,308,30.9,51.1,T13-T15,T14,47.0304
20,TT11001 (medium),2,1.5,308,30.9,51.1,T13-T15,T14,14.07413333
-3,TT11001 (medium),2,1.5,303,31.3,50.3,T13-T15,T15,489.2330667
-2,TT11001 (medium),2,1.5,303,31.3,50.3,T13-T15,T15,5028.725333
-1,TT11001 (medium),2,1.5,303,31.3,50.3,T13-T15,T15,111158.4
0,TT11001 (medium),2,1.5,303,31.3,50.3,T13-T15,T15,110744.5333
1,TT11001 (medium),2,1.5,303,31.3,50.3,T13-T15,T15,104770.1333
2,TT11001 (medium),2,1.5,303,31.3,50.3,T13-T15,T15,3597.333333
3,TT11001 (medium),2,1.5,303,31.3,50.3,T13-T15,T15,1068.629333
4,TT11001 (medium),2,1.5,303,31.3,50.3,T13-T15,T15,567.52
5,TT11001 (medium),2,1.5,303,31.3,50.3,T13-T15,T15,370.9930667
6,TT11001 (medium),2,1.5,303,31.3,50.3,T13-T15,T15,237.5328
8,TT11001 (medium),2,1.5,303,31.3,50.3,T13-T15,T15,127.3706667
12,TT11001 (medium),2,1.5,303,31.3,50.3,T13-T15,T15,70.71413333
16,TT11001 (medium),2,1.5,303,31.3,50.3,T13-T15,T15,47.8448
20,TT11001 (medium),2,1.5,303,31.3,50.3,T13-T15,T15,12.7632
-3,XR11001 (fine),2,3,591,31.6,48.9,T16-T18,T16,0.253333333
-2,XR11001 (fine),2,3,591,31.6,48.9,T16-T18,T16,0.331733333
-1,XR11001 (fine),2,3,591,31.6,48.9,T16-T18,T16,1545.605333
0,XR11001 (fine),2,3,591,31.6,48.9,T16-T18,T16,59820.8
1,XR11001 (fine),2,3,591,31.6,48.9,T16-T18,T16,135204.2667
2,XR11001 (fine),2,3,591,31.6,48.9,T16-T18,T16,19592.48
3,XR11001 (fine),2,3,591,31.6,48.9,T16-T18,T16,3005.866667
4,XR11001 (fine),2,3,591,31.6,48.9,T16-T18,T16,296.4693333
5,XR11001 (fine),2,3,591,31.6,48.9,T16-T18,T16,160.536
6,XR11001 (fine),2,3,591,31.6,48.9,T16-T18,T16,177.7024
8,XR11001 (fine),2,3,591,31.6,48.9,T16-T18,T16,378.4432
12,XR11001 (fine),2,3,591,31.6,48.9,T16-T18,T16,1319.418667
16,XR11001 (fine),2,3,591,31.6,48.9,T16-T18,T16,377.0346667
20,XR11001 (fine),2,3,591,31.6,48.9,T16-T18,T16,190.9888
-3,XR11001 (fine),2,3,584,32.1,46,T16-T18,T17,0.0624
-2,XR11001 (fine),2,3,584,32.1,46,T16-T18,T17,0.08
-1,XR11001 (fine),2,3,584,32.1,46,T16-T18,T17,650.9226667
0,XR11001 (fine),2,3,584,32.1,46,T16-T18,T17,18617.06667
1,XR11001 (fine),2,3,584,32.1,46,T16-T18,T17,73002.13333
2,XR11001 (fine),2,3,584,32.1,46,T16-T18,T17,29922.29333
3,XR11001 (fine),2,3,584,32.1,46,T16-T18,T17,4005.76
4,XR11001 (fine),2,3,584,32.1,46,T16-T18,T17,1524.026667
5,XR11001 (fine),2,3,584,32.1,46,T16-T18,T17,646.8853333
6,XR11001 (fine),2,3,584,32.1,46,T16-T18,T17,621.0773333
8,XR11001 (fine),2,3,584,32.1,46,T16-T18,T17,146.8
12,XR11001 (fine),2,3,584,32.1,46,T16-T18,T17,403.6746667
16,XR11001 (fine),2,3,584,32.1,46,T16-T18,T17,268.6490667
20,XR11001 (fine),2,3,584,32.1,46,T16-T18,T17,111.6613333
-3,XR11001 (fine),2,3,582,32.2,46.8,T16-T18,T18,0.013866667
-2,XR11001 (fine),2,3,582,32.2,46.8,T16-T18,T18,0.096
-1,XR11001 (fine),2,3,582,32.2,46.8,T16-T18,T18,3478.330667
0,XR11001 (fine),2,3,582,32.2,46.8,T16-T18,T18,56489.6
1,XR11001 (fine),2,3,582,32.2,46.8,T16-T18,T18,229788.2667
2,XR11001 (fine),2,3,582,32.2,46.8,T16-T18,T18,5573.173333
3,XR11001 (fine),2,3,582,32.2,46.8,T16-T18,T18,2495.045333
4,XR11001 (fine),2,3,582,32.2,46.8,T16-T18,T18,1335.232
5,XR11001 (fine),2,3,582,32.2,46.8,T16-T18,T18,800.4693333
6,XR11001 (fine),2,3,582,32.2,46.8,T16-T18,T18,647.0826667
8,XR11001 (fine),2,3,582,32.2,46.8,T16-T18,T18,390.0832
12,XR11001 (fine),2,3,582,32.2,46.8,T16-T18,T18,1401.509333
16,XR11001 (fine),2,3,582,32.2,46.8,T16-T18,T18,348.4416
20,XR11001 (fine),2,3,582,32.2,46.8,T16-T18,T18,164.5349333
-3,TT11001 (medium),2,4.5,856,33,45.9,T19-T21,T19,0.256
-2,TT11001 (medium),2,4.5,856,33,45.9,T19-T21,T19,0.190933333
-1,TT11001 (medium),2,4.5,856,33,45.9,T19-T21,T19,0.117333333
0,TT11001 (medium),2,4.5,856,33,45.9,T19-T21,T19,66511.46667
1,TT11001 (medium),2,4.5,856,33,45.9,T19-T21,T19,165973.8667
2,TT11001 (medium),2,4.5,856,33,45.9,T19-T21,T19,37662.61333
3,TT11001 (medium),2,4.5,856,33,45.9,T19-T21,T19,6299.093333
4,TT11001 (medium),2,4.5,856,33,45.9,T19-T21,T19,4752.533333
5,TT11001 (medium),2,4.5,856,33,45.9,T19-T21,T19,4987.952
6,TT11001 (medium),2,4.5,856,33,45.9,T19-T21,T19,5135.130667
8,TT11001 (medium),2,4.5,856,33,45.9,T19-T21,T19,1517.488
12,TT11001 (medium),2,4.5,856,33,45.9,T19-T21,T19,323.2741333
16,TT11001 (medium),2,4.5,856,33,45.9,T19-T21,T19,1265.205333
20,TT11001 (medium),2,4.5,856,33,45.9,T19-T21,T19,216.3018667
-3,TT11001 (medium),2,4.5,861,32.9,43.6,T19-T21,T20,0.146666667
-2,TT11001 (medium),2,4.5,861,32.9,43.6,T19-T21,T20,0.258133333
-1,TT11001 (medium),2,4.5,861,32.9,43.6,T19-T21,T20,60.12426667
0,TT11001 (medium),2,4.5,861,32.9,43.6,T19-T21,T20,86396.8
1,TT11001 (medium),2,4.5,861,32.9,43.6,T19-T21,T20,252724.2667
2,TT11001 (medium),2,4.5,861,32.9,43.6,T19-T21,T20,93276.8
3,TT11001 (medium),2,4.5,861,32.9,43.6,T19-T21,T20,7032.746667
4,TT11001 (medium),2,4.5,861,32.9,43.6,T19-T21,T20,1054.181333
5,TT11001 (medium),2,4.5,861,32.9,43.6,T19-T21,T20,996.048
6,TT11001 (medium),2,4.5,861,32.9,43.6,T19-T21,T20,1065.109333
8,TT11001 (medium),2,4.5,861,32.9,43.6,T19-T21,T20,1036.128
12,TT11001 (medium),2,4.5,861,32.9,43.6,T19-T21,T20,782.6773333
16,TT11001 (medium),2,4.5,861,32.9,43.6,T19-T21,T20,1572.821333
20,TT11001 (medium),2,4.5,861,32.9,43.6,T19-T21,T20,2913.829333
-3,TT11001 (medium),2,4.5,852,33.1,44.1,T19-T21,T21,0.0432
-2,TT11001 (medium),2,4.5,852,33.1,44.1,T19-T21,T21,0.073066667
-1,TT11001 (medium),2,4.5,852,33.1,44.1,T19-T21,T21,0.090666667
0,TT11001 (medium),2,4.5,852,33.1,44.1,T19-T21,T21,75859.73333
1,TT11001 (medium),2,4.5,852,33.1,44.1,T19-T21,T21,172764.8
2,TT11001 (medium),2,4.5,852,33.1,44.1,T19-T21,T21,63200
3,TT11001 (medium),2,4.5,852,33.1,44.1,T19-T21,T21,7652.106667
4,TT11001 (medium),2,4.5,852,33.1,44.1,T19-T21,T21,1055.285333
5,TT11001 (medium),2,4.5,852,33.1,44.1,T19-T21,T21,1188.954667
6,TT11001 (medium),2,4.5,852,33.1,44.1,T19-T21,T21,1016.965333
8,TT11001 (medium),2,4.5,852,33.1,44.1,T19-T21,T21,552.9973333
12,TT11001 (medium),2,4.5,852,33.1,44.1,T19-T21,T21,474.9946667
16,TT11001 (medium),2,4.5,852,33.1,44.1,T19-T21,T21,1696.410667
20,TT11001 (medium),2,4.5,852,33.1,44.1,T19-T21,T21,247.9264
-3,TT11001 (medium),10,4.5,912,25,78,T22-T24,T22,0.101866667
-2,TT11001 (medium),10,4.5,912,25,78,T22-T24,T22,0.037866667
-1,TT11001 (medium),10,4.5,912,25,78,T22-T24,T22,0.302933333
0,TT11001 (medium),10,4.5,912,25,78,T22-T24,T22,25111.25333
1,TT11001 (medium),10,4.5,912,25,78,T22-T24,T22,129017.6
2,TT11001 (medium),10,4.5,912,25,78,T22-T24,T22,39990.4
3,TT11001 (medium),10,4.5,912,25,78,T22-T24,T22,6949.12
4,TT11001 (medium),10,4.5,912,25,78,T22-T24,T22,10316.74667
5,TT11001 (medium),10,4.5,912,25,78,T22-T24,T22,9469.76
6,TT11001 (medium),10,4.5,912,25,78,T22-T24,T22,908.5813333
8,TT11001 (medium),10,4.5,912,25,78,T22-T24,T22,242.192
12,TT11001 (medium),10,4.5,912,25,78,T22-T24,T22,3820.053333
16,TT11001 (medium),10,4.5,912,25,78,T22-T24,T22,644.6773333
20,TT11001 (medium),10,4.5,912,25,78,T22-T24,T22,418.5786667
-3,TT11001 (medium),10,4.5,916,25.2,78.5,T22-T24,T23,0.149866667
-2,TT11001 (medium),10,4.5,916,25.2,78.5,T22-T24,T23,0.224533333
-1,TT11001 (medium),10,4.5,916,25.2,78.5,T22-T24,T23,0.818133333
0,TT11001 (medium),10,4.5,916,25.2,78.5,T22-T24,T23,36901.86667
1,TT11001 (medium),10,4.5,916,25.2,78.5,T22-T24,T23,127306.6667
2,TT11001 (medium),10,4.5,916,25.2,78.5,T22-T24,T23,20717.86667
3,TT11001 (medium),10,4.5,916,25.2,78.5,T22-T24,T23,3337.12
4,TT11001 (medium),10,4.5,916,25.2,78.5,T22-T24,T23,9935.786667
5,TT11001 (medium),10,4.5,916,25.2,78.5,T22-T24,T23,7292.586667
6,TT11001 (medium),10,4.5,916,25.2,78.5,T22-T24,T23,1387.141333
8,TT11001 (medium),10,4.5,916,25.2,78.5,T22-T24,T23,659.6213333
12,TT11001 (medium),10,4.5,916,25.2,78.5,T22-T24,T23,3429.258667
16,TT11001 (medium),10,4.5,916,25.2,78.5,T22-T24,T23,762.128
20,TT11001 (medium),10,4.5,916,25.2,78.5,T22-T24,T23,379.5317333
-3,TT11001 (medium),10,4.5,909,26.4,72.6,T22-T24,T24,0.007466667
-2,TT11001 (medium),10,4.5,909,26.4,72.6,T22-T24,T24,0.049066667
-1,TT11001 (medium),10,4.5,909,26.4,72.6,T22-T24,T24,0.065066667
0,TT11001 (medium),10,4.5,909,26.4,72.6,T22-T24,T24,40854.4
1,TT11001 (medium),10,4.5,909,26.4,72.6,T22-T24,T24,105260.2667
2,TT11001 (medium),10,4.5,909,26.4,72.6,T22-T24,T24,35927.46667
3,TT11001 (medium),10,4.5,909,26.4,72.6,T22-T24,T24,2789.274667
4,TT11001 (medium),10,4.5,909,26.4,72.6,T22-T24,T24,10689.92
5,TT11001 (medium),10,4.5,909,26.4,72.6,T22-T24,T24,13189.33333
6,TT11001 (medium),10,4.5,909,26.4,72.6,T22-T24,T24,1469.888
8,TT11001 (medium),10,4.5,909,26.4,72.6,T22-T24,T24,142.8442667
12,TT11001 (medium),10,4.5,909,26.4,72.6,T22-T24,T24,2299.344
16,TT11001 (medium),10,4.5,909,26.4,72.6,T22-T24,T24,998.688
20,TT11001 (medium),10,4.5,909,26.4,72.6,T22-T24,T24,222.6602667
-3,XR11001 (fine),10,4.5,905,26.7,70.5,T25-T27,T25,0.010133333
-2,XR11001 (fine),10,4.5,905,26.7,70.5,T25-T27,T25,0.485333333
-1,XR11001 (fine),10,4.5,905,26.7,70.5,T25-T27,T25,0.2768
0,XR11001 (fine),10,4.5,905,26.7,70.5,T25-T27,T25,919.264
1,XR11001 (fine),10,4.5,905,26.7,70.5,T25-T27,T25,53454.4
2,XR11001 (fine),10,4.5,905,26.7,70.5,T25-T27,T25,63273.6
3,XR11001 (fine),10,4.5,905,26.7,70.5,T25-T27,T25,6380.053333
4,XR11001 (fine),10,4.5,905,26.7,70.5,T25-T27,T25,9342.613333
5,XR11001 (fine),10,4.5,905,26.7,70.5,T25-T27,T25,4597.685333
6,XR11001 (fine),10,4.5,905,26.7,70.5,T25-T27,T25,1030.224
8,XR11001 (fine),10,4.5,905,26.7,70.5,T25-T27,T25,477.2037333
12,XR11001 (fine),10,4.5,905,26.7,70.5,T25-T27,T25,5051.52
16,XR11001 (fine),10,4.5,905,26.7,70.5,T25-T27,T25,1495.376
20,XR11001 (fine),10,4.5,905,26.7,70.5,T25-T27,T25,678.576
-3,XR11001 (fine),10,4.5,898,27.3,68.6,T25-T27,T26,0.059733333
-2,XR11001 (fine),10,4.5,898,27.3,68.6,T25-T27,T26,0.139733333
-1,XR11001 (fine),10,4.5,898,27.3,68.6,T25-T27,T26,0.172266667
0,XR11001 (fine),10,4.5,898,27.3,68.6,T25-T27,T26,678.2666667
1,XR11001 (fine),10,4.5,898,27.3,68.6,T25-T27,T26,89334.4
2,XR11001 (fine),10,4.5,898,27.3,68.6,T25-T27,T26,38010.66667
3,XR11001 (fine),10,4.5,898,27.3,68.6,T25-T27,T26,9938.666667
4,XR11001 (fine),10,4.5,898,27.3,68.6,T25-T27,T26,19099.73333
5,XR11001 (fine),10,4.5,898,27.3,68.6,T25-T27,T26,11479.68
6,XR11001 (fine),10,4.5,898,27.3,68.6,T25-T27,T26,4824.650667
8,XR11001 (fine),10,4.5,898,27.3,68.6,T25-T27,T26,4774.650667
12,XR11001 (fine),10,4.5,898,27.3,68.6,T25-T27,T26,2932.746667
16,XR11001 (fine),10,4.5,898,27.3,68.6,T25-T27,T26,2030.314667
20,XR11001 (fine),10,4.5,898,27.3,68.6,T25-T27,T26,500.7301333
-3,XR11001 (fine),10,4.5,888,27.8,67,T25-T27,T27,0.305066667
-2,XR11001 (fine),10,4.5,888,27.8,67,T25-T27,T27,0.0992
-1,XR11001 (fine),10,4.5,888,27.8,67,T25-T27,T27,0.042666667
0,XR11001 (fine),10,4.5,888,27.8,67,T25-T27,T27,746.2826667
1,XR11001 (fine),10,4.5,888,27.8,67,T25-T27,T27,48066.82667
2,XR11001 (fine),10,4.5,888,27.8,67,T25-T27,T27,82723.73333
3,XR11001 (fine),10,4.5,888,27.8,67,T25-T27,T27,4005.226667
4,XR11001 (fine),10,4.5,888,27.8,67,T25-T27,T27,7911.573333
5,XR11001 (fine),10,4.5,888,27.8,67,T25-T27,T27,5663.946667
6,XR11001 (fine),10,4.5,888,27.8,67,T25-T27,T27,1263.424
8,XR11001 (fine),10,4.5,888,27.8,67,T25-T27,T27,693.6693333
12,XR11001 (fine),10,4.5,888,27.8,67,T25-T27,T27,4479.328
16,XR11001 (fine),10,4.5,888,27.8,67,T25-T27,T27,1418.261333
20,XR11001 (fine),10,4.5,888,27.8,67,T25-T27,T27,686.304
-3,TT11001 (medium),10,1.5,322,27.7,67.8,T28-T30,T28,1759.136
-2,TT11001 (medium),10,1.5,322,27.7,67.8,T28-T30,T28,5373.92
-1,TT11001 (medium),10,1.5,322,27.7,67.8,T28-T30,T28,4368.32
0,TT11001 (medium),10,1.5,322,27.7,67.8,T28-T30,T28,124784.5333
1,TT11001 (medium),10,1.5,322,27.7,67.8,T28-T30,T28,70872
2,TT11001 (medium),10,1.5,322,27.7,67.8,T28-T30,T28,18841.6
3,TT11001 (medium),10,1.5,322,27.7,67.8,T28-T30,T28,4796.426667
4,TT11001 (medium),10,1.5,322,27.7,67.8,T28-T30,T28,1958.4
5,TT11001 (medium),10,1.5,322,27.7,67.8,T28-T30,T28,887.8453333
6,TT11001 (medium),10,1.5,322,27.7,67.8,T28-T30,T28,452.9792
8,TT11001 (medium),10,1.5,322,27.7,67.8,T28-T30,T28,358.9498667
12,TT11001 (medium),10,1.5,322,27.7,67.8,T28-T30,T28,337.6586667
16,TT11001 (medium),10,1.5,322,27.7,67.8,T28-T30,T28,126.1776
20,TT11001 (medium),10,1.5,322,27.7,67.8,T28-T30,T28,25.81493333
-3,TT11001 (medium),10,1.5,322,27.9,64.8,T28-T30,T29,2429.861333
-2,TT11001 (medium),10,1.5,322,27.9,64.8,T28-T30,T29,5253.546667
-1,TT11001 (medium),10,1.5,322,27.9,64.8,T28-T30,T29,41547.2
0,TT11001 (medium),10,1.5,322,27.9,64.8,T28-T30,T29,86610.66667
1,TT11001 (medium),10,1.5,322,27.9,64.8,T28-T30,T29,80858.13333
2,TT11001 (medium),10,1.5,322,27.9,64.8,T28-T30,T29,32573.86667
3,TT11001 (medium),10,1.5,322,27.9,64.8,T28-T30,T29,7935.573333
4,TT11001 (medium),10,1.5,322,27.9,64.8,T28-T30,T29,2547.552
5,TT11001 (medium),10,1.5,322,27.9,64.8,T28-T30,T29,896.1866667
6,TT11001 (medium),10,1.5,322,27.9,64.8,T28-T30,T29,434.5946667
8,TT11001 (medium),10,1.5,322,27.9,64.8,T28-T30,T29,304.464
12,TT11001 (medium),10,1.5,322,27.9,64.8,T28-T30,T29,203.9141333
16,TT11001 (medium),10,1.5,322,27.9,64.8,T28-T30,T29,85.83306667
20,TT11001 (medium),10,1.5,322,27.9,64.8,T28-T30,T29,33.28
-3,TT11001 (medium),10,1.5,319,28.7,64.3,T28-T30,T30,1470.821333
-2,TT11001 (medium),10,1.5,319,28.7,64.3,T28-T30,T30,4812.8
-1,TT11001 (medium),10,1.5,319,28.7,64.3,T28-T30,T30,40606.4
0,TT11001 (medium),10,1.5,319,28.7,64.3,T28-T30,T30,87421.33333
1,TT11001 (medium),10,1.5,319,28.7,64.3,T28-T30,T30,87537.06667
2,TT11001 (medium),10,1.5,319,28.7,64.3,T28-T30,T30,11835.73333
3,TT11001 (medium),10,1.5,319,28.7,64.3,T28-T30,T30,2981.6
4,TT11001 (medium),10,1.5,319,28.7,64.3,T28-T30,T30,979.7706667
5,TT11001 (medium),10,1.5,319,28.7,64.3,T28-T30,T30,421.6
6,TT11001 (medium),10,1.5,319,28.7,64.3,T28-T30,T30,305.7141333
8,TT11001 (medium),10,1.5,319,28.7,64.3,T28-T30,T30,327.1994667
12,TT11001 (medium),10,1.5,319,28.7,64.3,T28-T30,T30,193.0341333
16,TT11001 (medium),10,1.5,319,28.7,64.3,T28-T30,T30,104.2970667
20,TT11001 (medium),10,1.5,319,28.7,64.3,T28-T30,T30,24.68906667
-3,XR11001 (fine),10,1.5,317,30.5,60.6,T30-T33,T31,572.896
-2,XR11001 (fine),10,1.5,317,30.5,60.6,T30-T33,T31,3193.562667
-1,XR11001 (fine),10,1.5,317,30.5,60.6,T30-T33,T31,16057.65333
0,XR11001 (fine),10,1.5,317,30.5,60.6,T30-T33,T31,146528.5333
1,XR11001 (fine),10,1.5,317,30.5,60.6,T30-T33,T31,113792
2,XR11001 (fine),10,1.5,317,30.5,60.6,T30-T33,T31,16273.06667
3,XR11001 (fine),10,1.5,317,30.5,60.6,T30-T33,T31,4003.466667
4,XR11001 (fine),10,1.5,317,30.5,60.6,T30-T33,T31,1727.509333
5,XR11001 (fine),10,1.5,317,30.5,60.6,T30-T33,T31,1203.178667
6,XR11001 (fine),10,1.5,317,30.5,60.6,T30-T33,T31,751.696
8,XR11001 (fine),10,1.5,317,30.5,60.6,T30-T33,T31,697.84
12,XR11001 (fine),10,1.5,317,30.5,60.6,T30-T33,T31,393.4096
16,XR11001 (fine),10,1.5,317,30.5,60.6,T30-T33,T31,169.0352
20,XR11001 (fine),10,1.5,317,30.5,60.6,T30-T33,T31,49.87146667
-3,XR11001 (fine),10,1.5,309,31,57.9,T30-T33,T32,419.4298667
-2,XR11001 (fine),10,1.5,309,31,57.9,T30-T33,T32,2988.826667
-1,XR11001 (fine),10,1.5,309,31,57.9,T30-T33,T32,14816.64
0,XR11001 (fine),10,1.5,309,31,57.9,T30-T33,T32,243715.7333
1,XR11001 (fine),10,1.5,309,31,57.9,T30-T33,T32,99371.73333
2,XR11001 (fine),10,1.5,309,31,57.9,T30-T33,T32,16648.16
3,XR11001 (fine),10,1.5,309,31,57.9,T30-T33,T32,5899.093333
4,XR11001 (fine),10,1.5,309,31,57.9,T30-T33,T32,2440.522667
5,XR11001 (fine),10,1.5,309,31,57.9,T30-T33,T32,1920.506667
6,XR11001 (fine),10,1.5,309,31,57.9,T30-T33,T32,1214.597333
8,XR11001 (fine),10,1.5,309,31,57.9,T30-T33,T32,776.6346667
12,XR11001 (fine),10,1.5,309,31,57.9,T30-T33,T32,436.1584
16,XR11001 (fine),10,1.5,309,31,57.9,T30-T33,T32,137.4346667
20,XR11001 (fine),10,1.5,309,31,57.9,T30-T33,T32,51.30826667
-3,XR11001 (fine),10,1.5,303,31.4,58,T30-T33,T33,92.5296
-2,XR11001 (fine),10,1.5,303,31.4,58,T30-T33,T33,3726.186667
-1,XR11001 (fine),10,1.5,303,31.4,58,T30-T33,T33,10503.62667
0,XR11001 (fine),10,1.5,303,31.4,58,T30-T33,T33,192115.7333
1,XR11001 (fine),10,1.5,303,31.4,58,T30-T33,T33,156292.2667
2,XR11001 (fine),10,1.5,303,31.4,58,T30-T33,T33,11113.44
3,XR11001 (fine),10,1.5,303,31.4,58,T30-T33,T33,1621.136
4,XR11001 (fine),10,1.5,303,31.4,58,T30-T33,T33,849.84
5,XR11001 (fine),10,1.5,303,31.4,58,T30-T33,T33,741.792
6,XR11001 (fine),10,1.5,303,31.4,58,T30-T33,T33,673.328
8,XR11001 (fine),10,1.5,303,31.4,58,T30-T33,T33,758.9066667
12,XR11001 (fine),10,1.5,303,31.4,58,T30-T33,T33,498.3690667
16,XR11001 (fine),10,1.5,303,31.4,58,T30-T33,T33,185.4458667
20,XR11001 (fine),10,1.5,303,31.4,58,T30-T33,T33,41.30026667
-3,TT11001 (medium),10,3,602,31.7,54.9,T34-T36,T34,0.0544
-2,TT11001 (medium),10,3,602,31.7,54.9,T34-T36,T34,167.8602667
-1,TT11001 (medium),10,3,602,31.7,54.9,T34-T36,T34,3842.88
0,TT11001 (medium),10,3,602,31.7,54.9,T34-T36,T34,189185.6
1,TT11001 (medium),10,3,602,31.7,54.9,T34-T36,T34,113853.3333
2,TT11001 (medium),10,3,602,31.7,54.9,T34-T36,T34,3018.416
3,TT11001 (medium),10,3,602,31.7,54.9,T34-T36,T34,2945.749333
4,TT11001 (medium),10,3,602,31.7,54.9,T34-T36,T34,626.608
5,TT11001 (medium),10,3,602,31.7,54.9,T34-T36,T34,308.5973333
6,TT11001 (medium),10,3,602,31.7,54.9,T34-T36,T34,250.1274667
8,TT11001 (medium),10,3,602,31.7,54.9,T34-T36,T34,274.3792
12,TT11001 (medium),10,3,602,31.7,54.9,T34-T36,T34,433.3072
16,TT11001 (medium),10,3,602,31.7,54.9,T34-T36,T34,173.4213333
20,TT11001 (medium),10,3,602,31.7,54.9,T34-T36,T34,69.09973333
-3,TT11001 (medium),10,3,602,32.1,55.4,T34-T36,T35,0.130666667
-2,TT11001 (medium),10,3,602,32.1,55.4,T34-T36,T35,12.1024
-1,TT11001 (medium),10,3,602,32.1,55.4,T34-T36,T35,2218.736
0,TT11001 (medium),10,3,602,32.1,55.4,T34-T36,T35,132949.3333
1,TT11001 (medium),10,3,602,32.1,55.4,T34-T36,T35,73731.2
2,TT11001 (medium),10,3,602,32.1,55.4,T34-T36,T35,20138.4
3,TT11001 (medium),10,3,602,32.1,55.4,T34-T36,T35,2636.106667
4,TT11001 (medium),10,3,602,32.1,55.4,T34-T36,T35,524.352
5,TT11001 (medium),10,3,602,32.1,55.4,T34-T36,T35,421.8186667
6,TT11001 (medium),10,3,602,32.1,55.4,T34-T36,T35,522.6101333
8,TT11001 (medium),10,3,602,32.1,55.4,T34-T36,T35,438.1925333
12,TT11001 (medium),10,3,602,32.1,55.4,T34-T36,T35,316.6954667
16,TT11001 (medium),10,3,602,32.1,55.4,T34-T36,T35,142.8
20,TT11001 (medium),10,3,602,32.1,55.4,T34-T36,T35,42.08106667
-3,TT11001 (medium),10,3,600,31.4,57.7,T34-T36,T36,0.073066667
-2,TT11001 (medium),10,3,600,31.4,57.7,T34-T36,T36,499.6746667
-1,TT11001 (medium),10,3,600,31.4,57.7,T34-T36,T36,5102.826667
0,TT11001 (medium),10,3,600,31.4,57.7,T34-T36,T36,187381.3333
1,TT11001 (medium),10,3,600,31.4,57.7,T34-T36,T36,78772.8
2,TT11001 (medium),10,3,600,31.4,57.7,T34-T36,T36,2851.52
3,TT11001 (medium),10,3,600,31.4,57.7,T34-T36,T36,1831.306667
4,TT11001 (medium),10,3,600,31.4,57.7,T34-T36,T36,754.24
5,TT11001 (medium),10,3,600,31.4,57.7,T34-T36,T36,316.5248
6,TT11001 (medium),10,3,600,31.4,57.7,T34-T36,T36,311.4362667
8,TT11001 (medium),10,3,600,31.4,57.7,T34-T36,T36,370.48
12,TT11001 (medium),10,3,600,31.4,57.7,T34-T36,T36,297.0069333
16,TT11001 (medium),10,3,600,31.4,57.7,T34-T36,T36,136.6016
20,TT11001 (medium),10,3,600,31.4,57.7,T34-T36,T36,55.7648
-3,Lechler IDK 11001 (coarse),2,1.5,325,22.5,91.3,T37-T39,T37,218.3552
-2,Lechler IDK 11001 (coarse),2,1.5,325,22.5,91.3,T37-T39,T37,1317.248
-1,Lechler IDK 11001 (coarse),2,1.5,325,22.5,91.3,T37-T39,T37,107288
0,Lechler IDK 11001 (coarse),2,1.5,325,22.5,91.3,T37-T39,T37,97898.13333
1,Lechler IDK 11001 (coarse),2,1.5,325,22.5,91.3,T37-T39,T37,83791.46667
2,Lechler IDK 11001 (coarse),2,1.5,325,22.5,91.3,T37-T39,T37,1345.034667
3,Lechler IDK 11001 (coarse),2,1.5,325,22.5,91.3,T37-T39,T37,404.3893333
4,Lechler IDK 11001 (coarse),2,1.5,325,22.5,91.3,T37-T39,T37,124.9813333
5,Lechler IDK 11001 (coarse),2,1.5,325,22.5,91.3,T37-T39,T37,138.3413333
6,Lechler IDK 11001 (coarse),2,1.5,325,22.5,91.3,T37-T39,T37,86.3632
8,Lechler IDK 11001 (coarse),2,1.5,325,22.5,91.3,T37-T39,T37,96.54346667
12,Lechler IDK 11001 (coarse),2,1.5,325,22.5,91.3,T37-T39,T37,54.32533333
16,Lechler IDK 11001 (coarse),2,1.5,325,22.5,91.3,T37-T39,T37,27.58026667
20,Lechler IDK 11001 (coarse),2,1.5,325,22.5,91.3,T37-T39,T37,12.66133333
-3,Lechler IDK 11001 (coarse),2,1.5,326,22.8,90.3,T37-T39,T38,142.5322667
-2,Lechler IDK 11001 (coarse),2,1.5,326,22.8,90.3,T37-T39,T38,2348.08
-1,Lechler IDK 11001 (coarse),2,1.5,326,22.8,90.3,T37-T39,T38,109672.5333
0,Lechler IDK 11001 (coarse),2,1.5,326,22.8,90.3,T37-T39,T38,121277.3333
1,Lechler IDK 11001 (coarse),2,1.5,326,22.8,90.3,T37-T39,T38,57547.73333
2,Lechler IDK 11001 (coarse),2,1.5,326,22.8,90.3,T37-T39,T38,1147.12
3,Lechler IDK 11001 (coarse),2,1.5,326,22.8,90.3,T37-T39,T38,460.5333333
4,Lechler IDK 11001 (coarse),2,1.5,326,22.8,90.3,T37-T39,T38,220.6965333
5,Lechler IDK 11001 (coarse),2,1.5,326,22.8,90.3,T37-T39,T38,154.7738667
6,Lechler IDK 11001 (coarse),2,1.5,326,22.8,90.3,T37-T39,T38,106.8384
8,Lechler IDK 11001 (coarse),2,1.5,326,22.8,90.3,T37-T39,T38,65.216
12,Lechler IDK 11001 (coarse),2,1.5,326,22.8,90.3,T37-T39,T38,49.4096
16,Lechler IDK 11001 (coarse),2,1.5,326,22.8,90.3,T37-T39,T38,36.90666667
20,Lechler IDK 11001 (coarse),2,1.5,326,22.8,90.3,T37-T39,T38,13.53333333
-3,Lechler IDK 11001 (coarse),2,1.5,330,23,89.5,T37-T39,T39,448.0581333
-2,Lechler IDK 11001 (coarse),2,1.5,330,23,89.5,T37-T39,T39,2701.269333
-1,Lechler IDK 11001 (coarse),2,1.5,330,23,89.5,T37-T39,T39,76291.73333
0,Lechler IDK 11001 (coarse),2,1.5,330,23,89.5,T37-T39,T39,113950.4
1,Lechler IDK 11001 (coarse),2,1.5,330,23,89.5,T37-T39,T39,115585.0667
2,Lechler IDK 11001 (coarse),2,1.5,330,23,89.5,T37-T39,T39,594.9813333
3,Lechler IDK 11001 (coarse),2,1.5,330,23,89.5,T37-T39,T39,244.4853333
4,Lechler IDK 11001 (coarse),2,1.5,330,23,89.5,T37-T39,T39,53.568
5,Lechler IDK 11001 (coarse),2,1.5,330,23,89.5,T37-T39,T39,111.1104
6,Lechler IDK 11001 (coarse),2,1.5,330,23,89.5,T37-T39,T39,83.9808
8,Lechler IDK 11001 (coarse),2,1.5,330,23,89.5,T37-T39,T39,52.02453333
12,Lechler IDK 11001 (coarse),2,1.5,330,23,89.5,T37-T39,T39,56.50986667
16,Lechler IDK 11001 (coarse),2,1.5,330,23,89.5,T37-T39,T39,40.55253333
20,Lechler IDK 11001 (coarse),2,1.5,330,23,89.5,T37-T39,T39,9.915733333
-3,Lechler IDK 11001 (coarse),2,3,626,23.6,87.7,T40-T42,T40,0.934666667
-2,Lechler IDK 11001 (coarse),2,3,626,23.6,87.7,T40-T42,T40,1.384586667
-1,Lechler IDK 11001 (coarse),2,3,626,23.6,87.7,T40-T42,T40,10324.944
0,Lechler IDK 11001 (coarse),2,3,626,23.6,87.7,T40-T42,T40,152497.7067
1,Lechler IDK 11001 (coarse),2,3,626,23.6,87.7,T40-T42,T40,216585.92
2,Lechler IDK 11001 (coarse),2,3,626,23.6,87.7,T40-T42,T40,2459.824
3,Lechler IDK 11001 (coarse),2,3,626,23.6,87.7,T40-T42,T40,9707.712
4,Lechler IDK 11001 (coarse),2,3,626,23.6,87.7,T40-T42,T40,1331.746133
5,Lechler IDK 11001 (coarse),2,3,626,23.6,87.7,T40-T42,T40,513.0928
6,Lechler IDK 11001 (coarse),2,3,626,23.6,87.7,T40-T42,T40,337.6629333
8,Lechler IDK 11001 (coarse),2,3,626,23.6,87.7,T40-T42,T40,138.152
12,Lechler IDK 11001 (coarse),2,3,626,23.6,87.7,T40-T42,T40,345.0432
16,Lechler IDK 11001 (coarse),2,3,626,23.6,87.7,T40-T42,T40,45.76906667
20,Lechler IDK 11001 (coarse),2,3,626,23.6,87.7,T40-T42,T40,20.63306667
-3,Lechler IDK 11001 (coarse),2,3,629,23.9,86.5,T40-T42,T41,0.138666667
-2,Lechler IDK 11001 (coarse),2,3,629,23.9,86.5,T40-T42,T41,0.047466667
-1,Lechler IDK 11001 (coarse),2,3,629,23.9,86.5,T40-T42,T41,4318.762667
0,Lechler IDK 11001 (coarse),2,3,629,23.9,86.5,T40-T42,T41,115603.7333
1,Lechler IDK 11001 (coarse),2,3,629,23.9,86.5,T40-T42,T41,156593.6
2,Lechler IDK 11001 (coarse),2,3,629,23.9,86.5,T40-T42,T41,1593.786667
3,Lechler IDK 11001 (coarse),2,3,629,23.9,86.5,T40-T42,T41,2361.061333
4,Lechler IDK 11001 (coarse),2,3,629,23.9,86.5,T40-T42,T41,500.9866667
5,Lechler IDK 11001 (coarse),2,3,629,23.9,86.5,T40-T42,T41,405.7653333
6,Lechler IDK 11001 (coarse),2,3,629,23.9,86.5,T40-T42,T41,300.8458667
8,Lechler IDK 11001 (coarse),2,3,629,23.9,86.5,T40-T42,T41,120.7381333
12,Lechler IDK 11001 (coarse),2,3,629,23.9,86.5,T40-T42,T41,337.7637333
16,Lechler IDK 11001 (coarse),2,3,629,23.9,86.5,T40-T42,T41,46.67093333
20,Lechler IDK 11001 (coarse),2,3,629,23.9,86.5,T40-T42,T41,17.97226667
-3,Lechler IDK 11001 (coarse),2,3,620,24.1,86.3,T40-T42,T42,0.3008
-2,Lechler IDK 11001 (coarse),2,3,620,24.1,86.3,T40-T42,T42,0.164266667
-1,Lechler IDK 11001 (coarse),2,3,620,24.1,86.3,T40-T42,T42,1259.072
0,Lechler IDK 11001 (coarse),2,3,620,24.1,86.3,T40-T42,T42,114232
1,Lechler IDK 11001 (coarse),2,3,620,24.1,86.3,T40-T42,T42,79721.6
2,Lechler IDK 11001 (coarse),2,3,620,24.1,86.3,T40-T42,T42,3449.12
3,Lechler IDK 11001 (coarse),2,3,620,24.1,86.3,T40-T42,T42,4676.533333
4,Lechler IDK 11001 (coarse),2,3,620,24.1,86.3,T40-T42,T42,2396.688
5,Lechler IDK 11001 (coarse),2,3,620,24.1,86.3,T40-T42,T42,300.384
6,Lechler IDK 11001 (coarse),2,3,620,24.1,86.3,T40-T42,T42,115.2266667
8,Lechler IDK 11001 (coarse),2,3,620,24.1,86.3,T40-T42,T42,104.1216
12,Lechler IDK 11001 (coarse),2,3,620,24.1,86.3,T40-T42,T42,331.4901333
16,Lechler IDK 11001 (coarse),2,3,620,24.1,86.3,T40-T42,T42,83.1864
20,Lechler IDK 11001 (coarse),2,3,620,24.1,86.3,T40-T42,T42,26.85184
-3,Lechler IDK 11001 (coarse),2,4.5,916,24.8,83.9,T43-T45,T43,0.109866667
-2,Lechler IDK 11001 (coarse),2,4.5,916,24.8,83.9,T43-T45,T43,0.087466667
-1,Lechler IDK 11001 (coarse),2,4.5,916,24.8,83.9,T43-T45,T43,0.344
0,Lechler IDK 11001 (coarse),2,4.5,916,24.8,83.9,T43-T45,T43,43338.98667
1,Lechler IDK 11001 (coarse),2,4.5,916,24.8,83.9,T43-T45,T43,156485.8667
2,Lechler IDK 11001 (coarse),2,4.5,916,24.8,83.9,T43-T45,T43,20892.37333
3,Lechler IDK 11001 (coarse),2,4.5,916,24.8,83.9,T43-T45,T43,2236.544
4,Lechler IDK 11001 (coarse),2,4.5,916,24.8,83.9,T43-T45,T43,689.0026667
5,Lechler IDK 11001 (coarse),2,4.5,916,24.8,83.9,T43-T45,T43,2371.925333
6,Lechler IDK 11001 (coarse),2,4.5,916,24.8,83.9,T43-T45,T43,4713.589333
8,Lechler IDK 11001 (coarse),2,4.5,916,24.8,83.9,T43-T45,T43,1633.029333
12,Lechler IDK 11001 (coarse),2,4.5,916,24.8,83.9,T43-T45,T43,139.6928
16,Lechler IDK 11001 (coarse),2,4.5,916,24.8,83.9,T43-T45,T43,604.0693333
20,Lechler IDK 11001 (coarse),2,4.5,916,24.8,83.9,T43-T45,T43,87.33706667
-3,Lechler IDK 11001 (coarse),2,4.5,915,25.1,83.2,T43-T45,T44,0.011733333
-2,Lechler IDK 11001 (coarse),2,4.5,915,25.1,83.2,T43-T45,T44,0.026133333
-1,Lechler IDK 11001 (coarse),2,4.5,915,25.1,83.2,T43-T45,T44,0.060266667
0,Lechler IDK 11001 (coarse),2,4.5,915,25.1,83.2,T43-T45,T44,42760.21333
1,Lechler IDK 11001 (coarse),2,4.5,915,25.1,83.2,T43-T45,T44,153403.7333
2,Lechler IDK 11001 (coarse),2,4.5,915,25.1,83.2,T43-T45,T44,28574.50667
3,Lechler IDK 11001 (coarse),2,4.5,915,25.1,83.2,T43-T45,T44,8371.36
4,Lechler IDK 11001 (coarse),2,4.5,915,25.1,83.2,T43-T45,T44,1610.4
5,Lechler IDK 11001 (coarse),2,4.5,915,25.1,83.2,T43-T45,T44,892.928
6,Lechler IDK 11001 (coarse),2,4.5,915,25.1,83.2,T43-T45,T44,1791.12
8,Lechler IDK 11001 (coarse),2,4.5,915,25.1,83.2,T43-T45,T44,1236.250667
12,Lechler IDK 11001 (coarse),2,4.5,915,25.1,83.2,T43-T45,T44,105.6410667
16,Lechler IDK 11001 (coarse),2,4.5,915,25.1,83.2,T43-T45,T44,738.288
20,Lechler IDK 11001 (coarse),2,4.5,915,25.1,83.2,T43-T45,T44,108.2389333
-3,Lechler IDK 11001 (coarse),2,4.5,917,25,83.7,T43-T45,T45,0.293333333
-2,Lechler IDK 11001 (coarse),2,4.5,917,25,83.7,T43-T45,T45,0.092266667
-1,Lechler IDK 11001 (coarse),2,4.5,917,25,83.7,T43-T45,T45,0.034666667
0,Lechler IDK 11001 (coarse),2,4.5,917,25,83.7,T43-T45,T45,42082.45333
1,Lechler IDK 11001 (coarse),2,4.5,917,25,83.7,T43-T45,T45,154389.3333
2,Lechler IDK 11001 (coarse),2,4.5,917,25,83.7,T43-T45,T45,25555.04
3,Lechler IDK 11001 (coarse),2,4.5,917,25,83.7,T43-T45,T45,1752.650667
4,Lechler IDK 11001 (coarse),2,4.5,917,25,83.7,T43-T45,T45,700.0426667
5,Lechler IDK 11001 (coarse),2,4.5,917,25,83.7,T43-T45,T45,2395.717333
6,Lechler IDK 11001 (coarse),2,4.5,917,25,83.7,T43-T45,T45,3764.256
8,Lechler IDK 11001 (coarse),2,4.5,917,25,83.7,T43-T45,T45,1920.08
12,Lechler IDK 11001 (coarse),2,4.5,917,25,83.7,T43-T45,T45,104.1114667
16,Lechler IDK 11001 (coarse),2,4.5,917,25,83.7,T43-T45,T45,632.352
20,Lechler IDK 11001 (coarse),2,4.5,917,25,83.7,T43-T45,T45,102.552
-3,Lechler IDK 11001 (coarse),10,3,596,27.2,74.9,T46-T48,T46,0.0768
-2,Lechler IDK 11001 (coarse),10,3,596,27.2,74.9,T46-T48,T46,0.6944
-1,Lechler IDK 11001 (coarse),10,3,596,27.2,74.9,T46-T48,T46,898.7573333
0,Lechler IDK 11001 (coarse),10,3,596,27.2,74.9,T46-T48,T46,107092.8
1,Lechler IDK 11001 (coarse),10,3,596,27.2,74.9,T46-T48,T46,58385.6
2,Lechler IDK 11001 (coarse),10,3,596,27.2,74.9,T46-T48,T46,3924.944
3,Lechler IDK 11001 (coarse),10,3,596,27.2,74.9,T46-T48,T46,931.0666667
4,Lechler IDK 11001 (coarse),10,3,596,27.2,74.9,T46-T48,T46,158.0474667
5,Lechler IDK 11001 (coarse),10,3,596,27.2,74.9,T46-T48,T46,215.6506667
6,Lechler IDK 11001 (coarse),10,3,596,27.2,74.9,T46-T48,T46,247.1616
8,Lechler IDK 11001 (coarse),10,3,596,27.2,74.9,T46-T48,T46,238.4613333
12,Lechler IDK 11001 (coarse),10,3,596,27.2,74.9,T46-T48,T46,192.9898667
16,Lechler IDK 11001 (coarse),10,3,596,27.2,74.9,T46-T48,T46,69.65226667
20,Lechler IDK 11001 (coarse),10,3,596,27.2,74.9,T46-T48,T46,25.98613333
-3,Lechler IDK 11001 (coarse),10,3,607,28,71.7,T46-T48,T47,0.153066667
-2,Lechler IDK 11001 (coarse),10,3,607,28,71.7,T46-T48,T47,25.24746667
-1,Lechler IDK 11001 (coarse),10,3,607,28,71.7,T46-T48,T47,2816.661333
0,Lechler IDK 11001 (coarse),10,3,607,28,71.7,T46-T48,T47,107749.8667
1,Lechler IDK 11001 (coarse),10,3,607,28,71.7,T46-T48,T47,68290.13333
2,Lechler IDK 11001 (coarse),10,3,607,28,71.7,T46-T48,T47,2802.218667
3,Lechler IDK 11001 (coarse),10,3,607,28,71.7,T46-T48,T47,1090.416
4,Lechler IDK 11001 (coarse),10,3,607,28,71.7,T46-T48,T47,169.8506667
5,Lechler IDK 11001 (coarse),10,3,607,28,71.7,T46-T48,T47,141.8976
6,Lechler IDK 11001 (coarse),10,3,607,28,71.7,T46-T48,T47,210.9754667
8,Lechler IDK 11001 (coarse),10,3,607,28,71.7,T46-T48,T47,210.4677333
12,Lechler IDK 11001 (coarse),10,3,607,28,71.7,T46-T48,T47,133.5626667
16,Lechler IDK 11001 (coarse),10,3,607,28,71.7,T46-T48,T47,60.9104
20,Lechler IDK 11001 (coarse),10,3,607,28,71.7,T46-T48,T47,34.52746667
-3,Lechler IDK 11001 (coarse),10,3,603,28.5,67.7,T46-T48,T48,0.039466667
-2,Lechler IDK 11001 (coarse),10,3,603,28.5,67.7,T46-T48,T48,0.318933333
-1,Lechler IDK 11001 (coarse),10,3,603,28.5,67.7,T46-T48,T48,2971.226667
0,Lechler IDK 11001 (coarse),10,3,603,28.5,67.7,T46-T48,T48,120912
1,Lechler IDK 11001 (coarse),10,3,603,28.5,67.7,T46-T48,T48,92665.06667
2,Lechler IDK 11001 (coarse),10,3,603,28.5,67.7,T46-T48,T48,4044.693333
3,Lechler IDK 11001 (coarse),10,3,603,28.5,67.7,T46-T48,T48,2670.826667
4,Lechler IDK 11001 (coarse),10,3,603,28.5,67.7,T46-T48,T48,261.9797333
5,Lechler IDK 11001 (coarse),10,3,603,28.5,67.7,T46-T48,T48,194.8208
6,Lechler IDK 11001 (coarse),10,3,603,28.5,67.7,T46-T48,T48,195.9765333
8,Lechler IDK 11001 (coarse),10,3,603,28.5,67.7,T46-T48,T48,181.3157333
12,Lechler IDK 11001 (coarse),10,3,603,28.5,67.7,T46-T48,T48,111.9525333
16,Lechler IDK 11001 (coarse),10,3,603,28.5,67.7,T46-T48,T48,61.49973333
20,Lechler IDK 11001 (coarse),10,3,603,28.5,67.7,T46-T48,T48,18.3344
-3,Lechler IDK 11001 (coarse),10,1.5,312,28.5,68.5,T49-T51,T49,60.8912
-2,Lechler IDK 11001 (coarse),10,1.5,312,28.5,68.5,T49-T51,T49,2188.581333
-1,Lechler IDK 11001 (coarse),10,1.5,312,28.5,68.5,T49-T51,T49,435826.1333
0,Lechler IDK 11001 (coarse),10,1.5,312,28.5,68.5,T49-T51,T49,120601.0667
1,Lechler IDK 11001 (coarse),10,1.5,312,28.5,68.5,T49-T51,T49,85475.73333
2,Lechler IDK 11001 (coarse),10,1.5,312,28.5,68.5,T49-T51,T49,11453.70667
3,Lechler IDK 11001 (coarse),10,1.5,312,28.5,68.5,T49-T51,T49,3526.229333
4,Lechler IDK 11001 (coarse),10,1.5,312,28.5,68.5,T49-T51,T49,1882.746667
5,Lechler IDK 11001 (coarse),10,1.5,312,28.5,68.5,T49-T51,T49,824.096
6,Lechler IDK 11001 (coarse),10,1.5,312,28.5,68.5,T49-T51,T49,284.2261333
8,Lechler IDK 11001 (coarse),10,1.5,312,28.5,68.5,T49-T51,T49,148.4117333
12,Lechler IDK 11001 (coarse),10,1.5,312,28.5,68.5,T49-T51,T49,103.7690667
16,Lechler IDK 11001 (coarse),10,1.5,312,28.5,68.5,T49-T51,T49,39.88053333
20,Lechler IDK 11001 (coarse),10,1.5,312,28.5,68.5,T49-T51,T49,0.111466667
-3,Lechler IDK 11001 (coarse),10,1.5,311,29,66.9,T49-T51,T50,602.7893333
-2,Lechler IDK 11001 (coarse),10,1.5,311,29,66.9,T49-T51,T50,2298.058667
-1,Lechler IDK 11001 (coarse),10,1.5,311,29,66.9,T49-T51,T50,48413.33333
0,Lechler IDK 11001 (coarse),10,1.5,311,29,66.9,T49-T51,T50,132739.2
1,Lechler IDK 11001 (coarse),10,1.5,311,29,66.9,T49-T51,T50,95398.4
2,Lechler IDK 11001 (coarse),10,1.5,311,29,66.9,T49-T51,T50,2746.181333
3,Lechler IDK 11001 (coarse),10,1.5,311,29,66.9,T49-T51,T50,904.9546667
4,Lechler IDK 11001 (coarse),10,1.5,311,29,66.9,T49-T51,T50,401.536
5,Lechler IDK 11001 (coarse),10,1.5,311,29,66.9,T49-T51,T50,223.7632
6,Lechler IDK 11001 (coarse),10,1.5,311,29,66.9,T49-T51,T50,150.1008
8,Lechler IDK 11001 (coarse),10,1.5,311,29,66.9,T49-T51,T50,229.8544
12,Lechler IDK 11001 (coarse),10,1.5,311,29,66.9,T49-T51,T50,141.8165333
16,Lechler IDK 11001 (coarse),10,1.5,311,29,66.9,T49-T51,T50,47.04853333
20,Lechler IDK 11001 (coarse),10,1.5,311,29,66.9,T49-T51,T50,10.65866667
-3,Lechler IDK 11001 (coarse),10,1.5,306,29.2,63.9,T49-T51,T51,1528.661333
-2,Lechler IDK 11001 (coarse),10,1.5,306,29.2,63.9,T49-T51,T51,3911.093333
-1,Lechler IDK 11001 (coarse),10,1.5,306,29.2,63.9,T49-T51,T51,6548.693333
0,Lechler IDK 11001 (coarse),10,1.5,306,29.2,63.9,T49-T51,T51,9748.32
1,Lechler IDK 11001 (coarse),10,1.5,306,29.2,63.9,T49-T51,T51,7222.72
2,Lechler IDK 11001 (coarse),10,1.5,306,29.2,63.9,T49-T51,T51,6477.6
3,Lechler IDK 11001 (coarse),10,1.5,306,29.2,63.9,T49-T51,T51,3530.48
4,Lechler IDK 11001 (coarse),10,1.5,306,29.2,63.9,T49-T51,T51,1916.64
5,Lechler IDK 11001 (coarse),10,1.5,306,29.2,63.9,T49-T51,T51,931.7546667
6,Lechler IDK 11001 (coarse),10,1.5,306,29.2,63.9,T49-T51,T51,265.0736
8,Lechler IDK 11001 (coarse),10,1.5,306,29.2,63.9,T49-T51,T51,167.6682667
12,Lechler IDK 11001 (coarse),10,1.5,306,29.2,63.9,T49-T51,T51,101.2378667
16,Lechler IDK 11001 (coarse),10,1.5,306,29.2,63.9,T49-T51,T51,37.45866667
20,Lechler IDK 11001 (coarse),10,1.5,306,29.2,63.9,T49-T51,T51,20.2784
-3,Lechler IDK 11001 (coarse),10,4.5,894,30.5,60.9,T52-T54,T52,0.590933333
-2,Lechler IDK 11001 (coarse),10,4.5,894,30.5,60.9,T52-T54,T52,0.322666667
-1,Lechler IDK 11001 (coarse),10,4.5,894,30.5,60.9,T52-T54,T52,0.5344
0,Lechler IDK 11001 (coarse),10,4.5,894,30.5,60.9,T52-T54,T52,28812.74667
1,Lechler IDK 11001 (coarse),10,4.5,894,30.5,60.9,T52-T54,T52,102316.2667
2,Lechler IDK 11001 (coarse),10,4.5,894,30.5,60.9,T52-T54,T52,19538.88
3,Lechler IDK 11001 (coarse),10,4.5,894,30.5,60.9,T52-T54,T52,1105.952
4,Lechler IDK 11001 (coarse),10,4.5,894,30.5,60.9,T52-T54,T52,1729.237333
5,Lechler IDK 11001 (coarse),10,4.5,894,30.5,60.9,T52-T54,T52,2373.386667
6,Lechler IDK 11001 (coarse),10,4.5,894,30.5,60.9,T52-T54,T52,676
8,Lechler IDK 11001 (coarse),10,4.5,894,30.5,60.9,T52-T54,T52,335.2368
12,Lechler IDK 11001 (coarse),10,4.5,894,30.5,60.9,T52-T54,T52,1987.317333
16,Lechler IDK 11001 (coarse),10,4.5,894,30.5,60.9,T52-T54,T52,392.1696
20,Lechler IDK 11001 (coarse),10,4.5,894,30.5,60.9,T52-T54,T52,101.4506667
-3,Lechler IDK 11001 (coarse),10,4.5,891,30.8,61,T52-T54,T53,0.728533333
-2,Lechler IDK 11001 (coarse),10,4.5,891,30.8,61,T52-T54,T53,0.418133333
-1,Lechler IDK 11001 (coarse),10,4.5,891,30.8,61,T52-T54,T53,0.504
0,Lechler IDK 11001 (coarse),10,4.5,891,30.8,61,T52-T54,T53,40746.34667
1,Lechler IDK 11001 (coarse),10,4.5,891,30.8,61,T52-T54,T53,108710.9333
2,Lechler IDK 11001 (coarse),10,4.5,891,30.8,61,T52-T54,T53,17211.41333
3,Lechler IDK 11001 (coarse),10,4.5,891,30.8,61,T52-T54,T53,1121.536
4,Lechler IDK 11001 (coarse),10,4.5,891,30.8,61,T52-T54,T53,3209.621333
5,Lechler IDK 11001 (coarse),10,4.5,891,30.8,61,T52-T54,T53,2302.016
6,Lechler IDK 11001 (coarse),10,4.5,891,30.8,61,T52-T54,T53,154.3194667
8,Lechler IDK 11001 (coarse),10,4.5,891,30.8,61,T52-T54,T53,207.5962667
12,Lechler IDK 11001 (coarse),10,4.5,891,30.8,61,T52-T54,T53,3832.373333
16,Lechler IDK 11001 (coarse),10,4.5,891,30.8,61,T52-T54,T53,356.7893333
20,Lechler IDK 11001 (coarse),10,4.5,891,30.8,61,T52-T54,T53,196.9258667
-3,Lechler IDK 11001 (coarse),10,4.5,884,31.1,58.6,T52-T54,T54,0.1808
-2,Lechler IDK 11001 (coarse),10,4.5,884,31.1,58.6,T52-T54,T54,0.612266667
-1,Lechler IDK 11001 (coarse),10,4.5,884,31.1,58.6,T52-T54,T54,1.399466667
0,Lechler IDK 11001 (coarse),10,4.5,884,31.1,58.6,T52-T54,T54,1497.488
1,Lechler IDK 11001 (coarse),10,4.5,884,31.1,58.6,T52-T54,T54,97571.73333
2,Lechler IDK 11001 (coarse),10,4.5,884,31.1,58.6,T52-T54,T54,8509.866667
3,Lechler IDK 11001 (coarse),10,4.5,884,31.1,58.6,T52-T54,T54,1065.013333
4,Lechler IDK 11001 (coarse),10,4.5,884,31.1,58.6,T52-T54,T54,2803.904
5,Lechler IDK 11001 (coarse),10,4.5,884,31.1,58.6,T52-T54,T54,3793.061333
6,Lechler IDK 11001 (coarse),10,4.5,884,31.1,58.6,T52-T54,T54,547.7493333
8,Lechler IDK 11001 (coarse),10,4.5,884,31.1,58.6,T52-T54,T54,220.2624
12,Lechler IDK 11001 (coarse),10,4.5,884,31.1,58.6,T52-T54,T54,3122.08
16,Lechler IDK 11001 (coarse),10,4.5,884,31.1,58.6,T52-T54,T54,335.4341333
20,Lechler IDK 11001 (coarse),10,4.5,884,31.1,58.6,T52-T54,T54,159.2
-3,XR11001 (fine),10,3,590,31.3,57.5,T55-T57,T55,0.0752
-2,XR11001 (fine),10,3,590,31.3,57.5,T55-T57,T55,0.9984
-1,XR11001 (fine),10,3,590,31.3,57.5,T55-T57,T55,1586.981333
0,XR11001 (fine),10,3,590,31.3,57.5,T55-T57,T55,62273.6
1,XR11001 (fine),10,3,590,31.3,57.5,T55-T57,T55,120617.0667
2,XR11001 (fine),10,3,590,31.3,57.5,T55-T57,T55,21533.92
3,XR11001 (fine),10,3,590,31.3,57.5,T55-T57,T55,7588.053333
4,XR11001 (fine),10,3,590,31.3,57.5,T55-T57,T55,1274.773333
5,XR11001 (fine),10,3,590,31.3,57.5,T55-T57,T55,519.2506667
6,XR11001 (fine),10,3,590,31.3,57.5,T55-T57,T55,358.1776
8,XR11001 (fine),10,3,590,31.3,57.5,T55-T57,T55,519.9056
12,XR11001 (fine),10,3,590,31.3,57.5,T55-T57,T55,501.9109333
16,XR11001 (fine),10,3,590,31.3,57.5,T55-T57,T55,233.9946667
20,XR11001 (fine),10,3,590,31.3,57.5,T55-T57,T55,164.6197333
-3,XR11001 (fine),10,3,600,30.9,57.4,T55-T57,T56,3.8336
-2,XR11001 (fine),10,3,600,30.9,57.4,T55-T57,T56,218.4170667
-1,XR11001 (fine),10,3,600,30.9,57.4,T55-T57,T56,3272.181333
0,XR11001 (fine),10,3,600,30.9,57.4,T55-T57,T56,25216
1,XR11001 (fine),10,3,600,30.9,57.4,T55-T57,T56,122026.6667
2,XR11001 (fine),10,3,600,30.9,57.4,T55-T57,T56,8039.306667
3,XR11001 (fine),10,3,600,30.9,57.4,T55-T57,T56,4461.44
4,XR11001 (fine),10,3,600,30.9,57.4,T55-T57,T56,997.2746667
5,XR11001 (fine),10,3,600,30.9,57.4,T55-T57,T56,493.5952
6,XR11001 (fine),10,3,600,30.9,57.4,T55-T57,T56,386.8405333
8,XR11001 (fine),10,3,600,30.9,57.4,T55-T57,T56,441.2778667
12,XR11001 (fine),10,3,600,30.9,57.4,T55-T57,T56,598.6186667
16,XR11001 (fine),10,3,600,30.9,57.4,T55-T57,T56,333.6314667
20,XR11001 (fine),10,3,600,30.9,57.4,T55-T57,T56,154.9610667
-3,XR11001 (fine),10,3,595,31.3,55.2,T55-T57,T57,0.178666667
-2,XR11001 (fine),10,3,595,31.3,55.2,T55-T57,T57,3337.941333
-1,XR11001 (fine),10,3,595,31.3,55.2,T55-T57,T57,11790.88
0,XR11001 (fine),10,3,595,31.3,55.2,T55-T57,T57,27274.66667
1,XR11001 (fine),10,3,595,31.3,55.2,T55-T57,T57,105395.7333
2,XR11001 (fine),10,3,595,31.3,55.2,T55-T57,T57,2494.346667
3,XR11001 (fine),10,3,595,31.3,55.2,T55-T57,T57,4207.733333
4,XR11001 (fine),10,3,595,31.3,55.2,T55-T57,T57,1427.621333
5,XR11001 (fine),10,3,595,31.3,55.2,T55-T57,T57,495.4757333
6,XR11001 (fine),10,3,595,31.3,55.2,T55-T57,T57,224.9717333
8,XR11001 (fine),10,3,595,31.3,55.2,T55-T57,T57,217.9888
12,XR11001 (fine),10,3,595,31.3,55.2,T55-T57,T57,417.4869333
16,XR11001 (fine),10,3,595,31.3,55.2,T55-T57,T57,271.48
20,XR11001 (fine),10,3,595,31.3,55.2,T55-T57,T57,128.2661333
